{
	"general": {
		"disable_mod": false,
		"hide_bossbar": true,
		"shadow_text": true,
		"auto_start": false,
		"animationSpeed": 1.0,
		"hide_debug_crosshair": false,
		"background_color": 1867534416,
		"space_modules": false,
		"always_show_profiler": false,
		"animations": true,
		"fontScale": 1.0,
		"hide_sidebar": true,
		"always_show_tps": true
	},
	"modules_right": [
		{
			"name": "system",
			"name_color": 16755200,
			"value_color": 5636095,
			"lines": {
				"opengl_version": true,
				"allocation_rate": true,
				"display": true,
				"java_version": true,
				"gpu_driver": true,
				"memory_usage": true,
				"allocated_memory": true,
				"cpu": true,
				"gpu_utilization": true,
				"time": true,
				"gpu": true
			},
			"enabled": true
		}, 
		{
			"name": "miscright",
			"name_color": 16645526,
			"value_color": 5636095,
			"lines": {
				"misc_right": true
			},
			"enabled": true
		}, 
		{
			"empty_lines": 1,
			"name": "empty",
			"lines": {
				"nothing": true
			},
			"enabled": true
		}
	],
	"modules_left": [
		{
			"color_high": 5635925,
			"color_med": 16777045,
			"name": "fps",
			"lines": {
				"fps": true
			},
			"enabled": true,
			"color_low": 16733525
		}, 
		{
			"name": "graphics",
			"name_color": 16755200,
			"value_color": 5636095,
			"lines": {
				"shader": true,
				"render_distance": true,
				"graphics": true,
				"clouds": true,
				"biome_blend_radius": true
			},
			"enabled": true
		}, 
		{
			"empty_lines": 1,
			"name": "empty",
			"lines": {
				"nothing": true
			},
			"enabled": true
		}
	]
}