{
  "_README": "https://gitlab.com/CDAGaming/CraftPresence/-/wikis/home",
  "_SOURCE": "https://gitlab.com/CDAGaming/CraftPresence",
  "_schemaVersion": 5,
  "_lastMCVersionId": 763,
  "generalSettings": {
    "detectATLauncherInstance": true,
    "detectCurseManifest": true,
    "detectMultiMCManifest": true,
    "detectMCUpdaterInstance": true,
    "detectTechnicPack": true,
    "detectBiomeData": true,
    "detectDimensionData": true,
    "detectWorldData": true,
    "clientId": "450485984333660181",
    "defaultIcon": "grass",
    "enableJoinRequests": false,
    "partyPrivacyLevel": 1,
    "preferredClientLevel": 3,
    "resetTimeOnInit": false,
    "autoRegister": false
  },
  "biomeSettings": {
    "fallbackBiomeIcon": "legacy_grass",
    "biomeData": {
      "default": {
        "textOverride": "Playing in {biome.name}"
      }
    }
  },
  "dimensionSettings": {
    "fallbackDimensionIcon": "legacy_grass",
    "dimensionData": {
      "default": {
        "textOverride": "In the {dimension.name}"
      }
    }
  },
  "serverSettings": {
    "fallbackServerIcon": "grass",
    "fallbackServerName": "Minecraft Server",
    "fallbackServerMotd": "A Minecraft Server",
    "serverData": {
      "default": {
        "textOverride": "Playing on {server.name}"
      }
    }
  },
  "statusMessages": {
    "mainMenuData": {
      "textOverride": "In the Main Menu"
    },
    "loadingData": {
      "textOverride": "Loading..."
    },
    "lanData": {
      "textOverride": "Playing on a LAN Server"
    },
    "singleplayerData": {
      "textOverride": "Playing Singleplayer",
      "data": {
        "enabled": true,
        "useAsMain": false,
        "details": "",
        "gameState": "",
        "largeImageKey": "",
        "largeImageText": "",
        "smallImageKey": "",
        "smallImageText": "",
        "startTimestamp": "",
        "endTimestamp": "",
        "buttons": {
          "default": {
            "label": "Example Text",
            "url": "https://google.com"
          }
        }
      }
    }
  },
  "advancedSettings": {
    "enablePerGui": false,
    "enablePerItem": false,
    "enablePerEntity": false,
    "renderTooltips": true,
    "formatWords": true,
    "debugMode": false,
    "verboseMode": false,
    "refreshRate": 2,
    "roundSize": 3,
    "includeExtraGuiClasses": false,
    "allowPlaceholderPreviews": false,
    "guiSettings": {
      "fallbackGuiIcon": "unknown",
      "guiData": {
        "default": {
          "textOverride": "In {screen.name}"
        }
      }
    },
    "itemMessages": {
      "default": "Holding {item.message.holding}"
    },
    "entitySettings": {
      "fallbackEntityIcon": "unknown",
      "targetData": {
        "default": {
          "textOverride": "Targeting {entity.target.name}"
        }
      },
      "ridingData": {
        "default": {
          "textOverride": "Riding {entity.riding.name}"
        }
      }
    },
    "allowEndpointIcons": true,
    "serverIconEndpoint": "https://api.mcsrvstat.us/icon/{server.address.short}",
    "playerSkinEndpoint": "https://mc-heads.net/avatar/{getOrDefault(player.uuid.short, player.name)}"
  },
  "accessibilitySettings": {
    "tooltipBackground": {
      "start": {
        "red": 16,
        "green": 0,
        "blue": 16,
        "alpha": 240
      }
    },
    "tooltipBorder": {
      "start": {
        "red": 80,
        "green": 0,
        "blue": 255,
        "alpha": 80
      },
      "end": {
        "red": 40,
        "green": 0,
        "blue": 127,
        "alpha": 80
      }
    },
    "guiBackground": {
      "start": {
        "red": 64,
        "green": 64,
        "blue": 64,
        "alpha": 255
      },
      "texLocation": "minecraft:textures/gui/options_background.png"
    },
    "worldGuiBackground": {
      "start": {
        "red": 16,
        "green": 16,
        "blue": 16,
        "alpha": 192
      },
      "end": {
        "red": 16,
        "green": 16,
        "blue": 16,
        "alpha": 208
      }
    },
    "buttonBackground": {
      "start": {
        "red": 255,
        "green": 255,
        "blue": 255,
        "alpha": 255
      },
      "texLocation": "minecraft:textures/gui/widgets.png"
    },
    "languageId": "en_us",
    "stripTranslationColors": false,
    "showLoggingInChat": false,
    "stripExtraGuiElements": false,
    "configKeyCode": 96
  },
  "displaySettings": {
    "presenceData": {
      "enabled": true,
      "useAsMain": false,
      "details": "{getFirst(menu.message)}",
      "gameState": "{getOrDefault(server.message)} ",
      "largeImageKey": "launcher_grass",
      "largeImageText": "{getFirst(menu.message, dimension.message)}",
      "smallImageKey": "",
      "smallImageText": "{getOrDefault(server.message)} {getOrDefault(pack.name)}",
      "startTimestamp": "{data.general.time}",
      "endTimestamp": "",
      "buttons": {
        "default": {
          "label": "NameMC",
          "url": "https://namemc.com/profile/CursedKiwi.2"
        }
      }
    },
    "dynamicIcons": {
      "default": "https://via.placeholder.com/256.png",
      "CursedKiwi": "https://mc-heads.net/avatar/9df8595d8aa7433e83c47049e25bb718",
      "hypixel.net": "https://api.mcsrvstat.us/icon/hypixel.net",
      "minevn.net": "https://api.mcsrvstat.us/icon/minevn.net",
      "LambaExpression": "https://mc-heads.net/avatar/5638ac85fb5f442c99070f200ea48975",
      "115.76.144.239": "https://api.mcsrvstat.us/icon/115.76.144.239",
      "BanhMiSus": "https://mc-heads.net/avatar/fab4e53cdab34dd9a518efc8a41ed693",
      "sidzmp.com": "https://api.mcsrvstat.us/icon/sidzmp.com"
    },
    "dynamicVariables": {
      "default": "Example Text",
      "mods": "{general.mods} Mod(s)",
      "player_info_coordinate": "At {player.position.x}, {player.position.z}",
      "players": "{server.players.current} / {server.players.max} Players",
      "player_info_in": "({custom.player_info.health})",
      "player_info_items": "Items: {item.main_hand.message}",
      "player_info_out": "As {player.name}",
      "player_info_health": "Health: {player.health.current}/{player.health.max}",
      "world_info": "On {world.name}",
      "pack": "{pack.name}"
    }
  }
}