{
  "durabilityviewer.config.tooltipcolor": {
    "key": "durabilityviewer.config.tooltipcolor",
    "toolTip": "durabilityviewer.config.tt.tooltipcolor",
    "value": 5,
    "defaultValue": 5,
    "minValue": 0,
    "maxValue": 15
  },
  "durabilityviewer.config.minpercent": {
    "key": "durabilityviewer.config.minpercent",
    "toolTip": "durabilityviewer.config.tt.minpercent",
    "value": 10,
    "defaultValue": 10,
    "minValue": 1,
    "maxValue": 100
  },
  "durabilityviewer.config.effectduration": {
    "key": "durabilityviewer.config.effectduration",
    "toolTip": "durabilityviewer.config.tt.effectduration",
    "value": true,
    "defaultValue": true
  },
  "durabilityviewer.config.hidedamagepercent": {
    "key": "durabilityviewer.config.hidedamagepercent",
    "toolTip": "durabilityviewer.config.tt.hidedamagepercent",
    "value": 100,
    "defaultValue": 100,
    "minValue": 0,
    "maxValue": 100
  },
  "durabilityviewer.config.corner": {
    "options": [
      "durabilityviewer.config.bottom_right",
      "durabilityviewer.config.bottom_left",
      "durabilityviewer.config.top_right",
      "durabilityviewer.config.top_left"
    ],
    "key": "durabilityviewer.config.corner",
    "toolTip": "durabilityviewer.config.tt.corner",
    "value": 0,
    "defaultValue": 0,
    "minValue": 0,
    "maxValue": 0
  },
  "durabilityviewer.config.armorhotbar": {
    "key": "durabilityviewer.config.armorhotbar",
    "toolTip": "durabilityviewer.config.tt.armorhotbar",
    "value": false,
    "defaultValue": false
  },
  "durabilityviewer.config.mindurability": {
    "key": "durabilityviewer.config.mindurability",
    "toolTip": "durabilityviewer.config.tt.mindurability",
    "value": 100,
    "defaultValue": 100,
    "minValue": 1,
    "maxValue": 1500
  },
  "durabilityviewer.config.setwindowtitle": {
    "key": "durabilityviewer.config.setwindowtitle",
    "toolTip": "durabilityviewer.config.tt.setwindowtitle",
    "value": true,
    "defaultValue": true
  },
  "durabilityviewer.config.warnmode": {
    "options": [
      "durabilityviewer.config.warnmode.none",
      "durabilityviewer.config.warnmode.sound",
      "durabilityviewer.config.warnmode.visual",
      "durabilityviewer.config.warnmode.both"
    ],
    "key": "durabilityviewer.config.warnmode",
    "toolTip": "durabilityviewer.config.tt.warnmode",
    "value": 1,
    "defaultValue": 1,
    "minValue": 0,
    "maxValue": 0
  },
  "durabilityviewer.config.showfreeslots": {
    "key": "durabilityviewer.config.showfreeslots",
    "toolTip": "durabilityviewer.config.tt.showfreeslots",
    "value": true,
    "defaultValue": true
  },
  "durabilityviewer.config.percentvalues": {
    "key": "durabilityviewer.config.percentvalues",
    "toolTip": "durabilityviewer.config.tt.percentvalues",
    "value": false,
    "defaultValue": false
  },
  "durabilityviewer.config.showalltrinkets": {
    "key": "durabilityviewer.config.showalltrinkets",
    "toolTip": "durabilityviewer.config.tt.showalltrinkets",
    "value": true,
    "defaultValue": true
  },
  "durabilityviewer.config.showdamagepercent": {
    "key": "durabilityviewer.config.showdamagepercent",
    "toolTip": "durabilityviewer.config.tt.showdamagepercent",
    "value": 80,
    "defaultValue": 80,
    "minValue": 0,
    "maxValue": 100
  }
}